"PRES_ID","PRES_RESE_ID","PRES_DTHR_INICIO","PRES_DTHR_TERMINO"
14.207,17.325,20/10/2026 11:00:00,20/10/2026 13:00:00
14.187,17.305,05/11/2026 09:30:00,05/11/2026 12:00:00
14.170,17.285,22/10/2026 09:00:00,22/10/2026 11:00:00
14.169,17.285,15/10/2026 09:00:00,15/10/2026 11:00:00
14.168,17.285,07/10/2026 09:00:00,07/10/2026 11:00:00
14.167,17.285,01/10/2026 09:00:00,01/10/2026 11:00:00
14.147,17.265,07/10/2026 10:00:00,07/10/2026 13:00:00
14.127,17.245,22/09/2026 13:30:00,22/09/2026 15:00:00
14.108,17.226,23/09/2026 14:30:00,23/09/2026 17:00:00
14.107,17.225,21/09/2026 13:30:00,21/09/2026 15:00:00
14.088,17.206,30/09/2026 14:00:00,30/09/2026 17:00:00
14.087,17.205,08/10/2026 09:00:00,08/10/2026 13:00:00
14.067,17.185,01/10/2026 11:00:00,01/10/2026 12:00:00
14.047,17.165,10/09/2026 09:00:00,11/09/2026 23:00:00
14.027,17.145,10/09/2026 10:00:00,10/09/2026 12:00:00
14.007,17.125,15/10/2026 14:00:00,15/10/2026 17:00:00
13.987,17.105,10/09/2026 14:00:00,10/09/2026 16:00:00
13.967,17.085,21/09/2026 09:00:00,21/09/2026 17:00:00
13.947,17.065,14/09/2026 09:00:00,14/09/2026 12:00:00
13.928,17.045,01/09/2026 15:00:00,01/09/2026 16:00:00
13.927,16.925,08/09/2026 14:00:00,08/09/2026 17:00:00
13.909,17.026,26/11/2026 00:00:00,27/11/2026 23:00:00
13.908,17.025,14/09/2026 00:00:00,17/09/2026 23:00:00
13.887,17.005,16/09/2026 09:00:00,16/09/2026 11:30:00
13.867,16.985,25/08/2026 09:00:00,25/08/2026 23:00:00
13.847,16.965,21/10/2026 13:00:00,21/10/2026 17:00:00
13.828,16.946,11/11/2026 13:00:00,11/11/2026 17:00:00
13.827,16.945,16/09/2026 13:00:00,16/09/2026 17:00:00
13.787,16.905,27/08/2026 09:30:00,27/08/2026 12:00:00
13.767,16.885,17/09/2026 11:00:00,17/09/2026 12:00:00
13.747,16.865,18/08/2026 13:00:00,18/08/2026 15:00:00
13.729,16.845,09/09/2026 10:00:00,09/09/2026 13:00:00
13.728,16.825,27/08/2026 08:00:00,27/08/2026 17:00:00
13.727,16.825,26/08/2026 08:00:00,26/08/2026 17:00:00
13.707,16.805,07/08/2026 15:00:00,07/08/2026 16:00:00
13.689,16.787,20/08/2026 11:00:00,20/08/2026 12:30:00
13.688,16.786,31/08/2026 14:30:00,31/08/2026 16:30:00
13.687,16.785,16/09/2026 10:30:00,16/09/2026 13:00:00
13.667,16.765,05/08/2026 10:00:00,05/08/2026 11:00:00
13.647,16.745,07/08/2026 09:00:00,07/08/2026 17:00:00
13.627,16.725,30/07/2026 10:00:00,30/07/2026 12:00:00
13.607,16.705,29/07/2026 14:00:00,29/07/2026 16:30:00
13.587,16.685,23/07/2026 14:00:00,23/07/2026 16:30:00
13.567,16.665,12/08/2026 09:30:00,12/08/2026 10:30:00
13.547,16.645,12/08/2026 10:00:00,12/08/2026 11:00:00
13.528,16.626,12/08/2026 11:00:00,12/08/2026 12:00:00
13.527,16.625,15/07/2026 15:30:00,15/07/2026 17:00:00
13.507,16.605,13/07/2026 14:00:00,13/07/2026 16:00:00
13.487,16.585,05/08/2026 10:30:00,05/08/2026 12:00:00
13.467,16.565,14/07/2026 11:00:00,14/07/2026 13:00:00
13.447,16.545,18/06/2026 10:00:00,18/06/2026 13:00:00
13.427,16.525,30/06/2026 09:00:00,30/06/2026 10:30:00
13.407,16.505,24/06/2026 11:00:00,24/06/2026 12:30:00
13.387,16.485,30/06/2026 11:00:00,30/06/2026 12:00:00
13.367,16.465,03/06/2026 14:00:00,03/06/2026 16:00:00
13.327,16.445,16/06/2026 10:00:00,16/06/2026 13:00:00
13.307,16.425,15/06/2026 10:00:00,15/06/2026 13:00:00
13.287,16.405,03/06/2026 10:30:00,03/06/2026 12:00:00
13.268,16.386,02/06/2026 11:00:00,02/06/2026 13:00:00
13.267,16.385,27/05/2026 11:30:00,27/05/2026 12:30:00
13.247,16.365,25/05/2026 09:00:00,26/05/2026 17:00:00
13.227,16.345,20/05/2026 16:00:00,20/05/2026 17:00:00
13.207,16.325,21/05/2026 12:00:00,21/05/2026 13:00:00
13.189,16.307,19/05/2026 10:00:00,22/05/2026 17:00:00
13.188,16.306,22/05/2026 11:30:00,22/05/2026 12:30:00
13.187,16.305,20/05/2026 11:30:00,20/05/2026 12:30:00
13.168,16.285,28/05/2026 08:00:00,28/05/2026 18:00:00
13.147,16.265,14/05/2026 16:00:00,14/05/2026 17:30:00
13.127,16.245,11/05/2026 14:00:00,11/05/2026 17:00:00
13.107,16.225,15/05/2026 09:00:00,15/05/2026 12:00:00
13.090,16.208,19/08/2026 13:00:00,19/08/2026 18:00:00
13.089,16.207,22/07/2026 13:00:00,22/07/2026 18:00:00
13.088,16.206,17/06/2026 13:00:00,17/06/2026 18:00:00
13.087,16.205,20/05/2026 13:00:00,20/05/2026 18:00:00
13.067,16.185,05/05/2026 13:30:00,05/05/2026 17:00:00
13.047,16.165,20/05/2026 11:00:00,20/05/2026 12:00:00
13.027,16.145,07/05/2026 09:30:00,07/05/2026 11:00:00
13.007,16.125,04/05/2026 15:00:00,04/05/2026 18:00:00
12.987,16.105,18/05/2026 10:00:00,18/05/2026 13:00:00
12.967,16.085,28/04/2026 10:00:00,28/04/2026 13:00:00
12.947,16.065,28/04/2026 09:00:00,28/04/2026 11:00:00
12.928,16.046,29/04/2026 09:30:00,29/04/2026 10:30:00
12.927,16.045,27/04/2026 10:00:00,27/04/2026 12:00:00
12.907,16.025,12/05/2026 11:00:00,12/05/2026 12:00:00
12.887,16.005,29/04/2026 13:30:00,29/04/2026 15:00:00
12.867,15.985,29/04/2026 11:00:00,29/04/2026 12:00:00
12.848,15.965,17/04/2026 09:00:00,17/04/2026 13:00:00
12.847,15.947,22/04/2026 00:00:00,23/04/2026 23:30:00
12.828,15.946,07/05/2026 08:00:00,07/05/2026 17:00:00
12.827,15.945,06/05/2026 08:00:00,06/05/2026 17:00:00
12.807,15.925,05/05/2026 08:00:00,05/05/2026 17:00:00
12.789,15.907,15/04/2026 14:00:00,15/04/2026 15:00:00
12.788,15.906,28/04/2026 11:00:00,28/04/2026 12:00:00
12.787,15.905,14/04/2026 10:00:00,14/04/2026 12:30:00
12.767,15.885,16/04/2026 09:00:00,16/04/2026 11:00:00
12.748,15.866,09/04/2026 13:30:00,09/04/2026 15:30:00
12.747,15.865,08/04/2026 15:00:00,08/04/2026 16:00:00
12.727,15.845,24/04/2026 10:00:00,24/04/2026 13:00:00
12.707,15.825,23/04/2026 10:30:00,23/04/2026 12:00:00
12.688,15.806,31/03/2026 15:30:00,31/03/2026 18:00:00
12.687,15.805,09/04/2026 09:30:00,09/04/2026 11:30:00
12.670,15.785,17/04/2026 14:00:00,17/04/2026 18:00:00
12.669,15.785,16/04/2026 14:00:00,16/04/2026 18:00:00
12.668,15.785,14/04/2026 14:00:00,14/04/2026 18:00:00
12.667,15.785,13/04/2026 14:00:00,13/04/2026 18:00:00
12.647,15.765,20/04/2026 10:00:00,20/04/2026 13:00:00
12.630,15.747,17/03/2026 16:00:00,31/03/2026 00:00:00
12.629,15.746,17/03/2026 15:30:00,17/03/2026 17:00:00
12.628,15.705,18/03/2026 10:30:00,18/03/2026 12:30:00
12.627,15.745,18/03/2026 13:30:00,18/03/2026 14:30:00
12.608,15.725,12/03/2026 13:00:00,12/03/2026 17:00:00
12.588,15.566,24/03/2026 10:00:00,24/03/2026 13:00:00
12.568,15.686,26/03/2026 10:30:00,26/03/2026 15:00:00
12.567,15.685,09/03/2026 16:30:00,09/03/2026 17:30:00
12.547,15.665,06/03/2026 14:30:00,06/03/2026 17:00:00
12.527,15.186,24/03/2026 13:00:00,24/03/2026 18:00:00
12.487,15.645,17/03/2026 11:30:00,17/03/2026 12:30:00
12.467,15.625,03/03/2026 14:00:00,03/03/2026 16:00:00
12.448,15.606,06/03/2026 10:30:00,06/03/2026 12:00:00
12.447,15.605,04/03/2026 10:30:00,04/03/2026 12:00:00
12.427,15.585,12/03/2026 11:00:00,12/03/2026 13:00:00
12.407,15.565,10/03/2026 11:00:00,10/03/2026 12:30:00
12.387,15.545,09/04/2026 11:00:00,09/04/2026 12:00:00
12.367,15.525,02/03/2026 12:30:00,02/03/2026 13:30:00
12.347,15.505,02/03/2026 14:00:00,02/03/2026 15:00:00
12.328,15.486,25/02/2026 14:00:00,25/02/2026 16:30:00
12.327,15.485,07/04/2026 11:00:00,07/04/2026 12:00:00
12.307,15.465,02/03/2026 11:00:00,02/03/2026 12:00:00
12.287,15.445,19/02/2026 14:00:00,19/02/2026 16:30:00
12.267,15.425,12/02/2026 00:00:00,28/02/2026 00:00:00
12.247,15.405,26/02/2026 10:30:00,26/02/2026 12:00:00
12.227,15.385,24/02/2026 11:00:00,24/02/2026 12:00:00
12.207,15.365,06/02/2026 14:00:00,06/02/2026 17:00:00
12.187,15.345,06/02/2026 09:00:00,06/02/2026 12:00:00
12.167,15.325,03/02/2026 14:00:00,03/02/2026 18:00:00
12.147,15.305,28/01/2026 10:00:00,28/01/2026 12:00:00
12.127,15.285,03/02/2026 10:00:00,03/02/2026 12:00:00
12.108,15.265,27/01/2026 10:00:00,27/01/2026 12:00:00
12.087,15.245,23/02/2026 10:00:00,23/02/2026 13:00:00
12.067,15.225,28/01/2026 14:00:00,28/01/2026 16:00:00
12.047,15.205,15/04/2026 13:00:00,15/04/2026 18:00:00
12.027,15.185,25/02/2026 13:00:00,25/02/2026 18:00:00
12.007,15.165,05/02/2026 10:30:00,05/02/2026 12:00:00
11.987,15.145,22/01/2026 10:00:00,22/01/2026 12:00:00
11.967,15.125,20/01/2026 10:00:00,20/01/2026 12:00:00
11.947,15.105,11/02/2026 11:00:00,11/02/2026 13:00:00
11.927,15.085,19/02/2026 10:30:00,19/02/2026 12:00:00
11.907,15.065,19/01/2026 14:00:00,19/01/2026 17:00:00
11.887,15.045,04/02/2026 09:30:00,04/02/2026 10:00:00
11.867,15.025,07/01/2026 15:00:00,31/01/2026 00:00:00
11.847,15.005,13/01/2026 10:30:00,13/01/2026 12:00:00
11.828,14.986,17/12/2025 10:00:00,17/12/2025 12:30:00
11.827,14.985,18/12/2025 10:00:00,18/12/2025 12:30:00
11.808,14.966,17/12/2025 10:00:00,17/12/2025 11:30:00
11.807,14.965,15/12/2025 13:00:00,15/12/2025 14:00:00
11.787,14.945,18/12/2025 10:30:00,18/12/2025 12:00:00
11.769,14.927,17/12/2025 10:30:00,17/12/2025 13:00:00
11.768,14.926,10/12/2025 10:00:00,10/12/2025 12:00:00
11.767,14.925,04/02/2026 10:30:00,04/02/2026 12:30:00
11.748,14.906,15/12/2025 15:00:00,15/12/2025 17:00:00
11.747,14.905,12/12/2025 10:00:00,12/12/2025 12:00:00
11.727,14.885,03/12/2025 16:30:00,03/12/2025 18:00:00
11.707,14.865,09/12/2025 11:00:00,09/12/2025 12:30:00
11.687,14.845,02/12/2025 17:00:00,02/12/2025 18:00:00
11.668,14.826,05/12/2025 00:30:00,05/12/2025 23:30:00
11.667,14.825,06/12/2025 00:00:00,31/12/2025 00:00:00
11.647,14.805,02/12/2025 14:00:00,12/12/2025 15:00:00
11.627,14.785,02/12/2025 14:00:00,02/12/2025 15:00:00
11.607,14.765,28/11/2025 12:00:00,28/11/2025 17:00:00
11.588,14.766,24/11/2025 15:00:00,05/12/2025 00:00:00
11.567,14.745,27/11/2025 12:00:00,27/11/2025 20:00:00
11.547,14.725,02/12/2025 10:30:00,02/12/2025 12:00:00
11.528,14.706,06/11/2025 14:00:00,06/11/2025 17:00:00
11.527,14.705,07/11/2025 09:30:00,07/11/2025 11:00:00
11.507,14.625,06/11/2025 10:00:00,06/11/2025 14:00:00
11.487,14.685,07/11/2025 11:30:00,07/11/2025 13:30:00
11.467,14.665,05/11/2025 00:00:00,06/11/2025 00:00:00
11.448,14.646,18/11/2025 11:00:00,18/11/2025 12:00:00
11.447,14.645,13/11/2025 11:00:00,13/11/2025 12:00:00
11.408,14.626,06/11/2025 11:30:00,06/11/2025 12:00:00
11.389,14.607,28/10/2025 07:00:00,28/10/2025 17:00:00
11.388,14.606,28/10/2025 07:00:00,28/10/2025 17:00:00
11.387,14.605,28/10/2025 07:00:00,28/10/2025 17:00:00
11.367,14.585,27/10/2025 13:30:00,27/10/2025 17:00:00
11.348,14.565,24/10/2025 10:00:00,24/10/2025 12:00:00
11.347,14.505,27/10/2025 11:30:00,27/10/2025 12:30:00
11.328,14.546,07/11/2025 10:00:00,07/11/2025 13:00:00
11.327,14.545,03/11/2025 10:00:00,03/11/2025 13:00:00
11.309,14.527,20/10/2025 10:00:00,20/10/2025 12:00:00
11.308,14.526,03/11/2025 16:30:00,03/11/2025 17:30:00
11.307,14.525,03/11/2025 15:00:00,03/11/2025 16:00:00
11.267,14.485,15/10/2025 10:30:00,15/10/2025 12:00:00
11.247,14.465,03/11/2025 10:30:00,03/11/2025 12:00:00
11.227,14.445,27/10/2025 10:30:00,27/10/2025 12:00:00
11.208,14.426,13/10/2025 10:30:00,13/10/2025 12:30:00
11.207,14.425,12/11/2025 12:00:00,12/11/2025 17:00:00
11.187,14.405,12/11/2025 12:00:00,12/11/2025 17:00:00
11.168,14.386,23/10/2025 10:30:00,23/10/2025 12:00:00
11.167,14.385,17/10/2025 10:00:00,17/10/2025 18:00:00
