"SOLI_ID","SOLI_RESE_ID","SOLI_RECU_ID","SOLI_QTD"
14.633,17.285,8,1
14.616,17.325,10,1
14.615,17.325,3,
14.614,17.325,56,1
14.613,17.325,11,
14.594,17.305,11,
14.593,17.305,3,
14.576,17.285,12,1
14.575,17.285,5,
14.574,17.285,13,
14.573,17.285,3,
14.556,17.265,8,1
14.555,17.265,10,1
14.554,17.265,11,
14.553,17.265,3,
14.536,17.245,10,1
14.535,17.245,11,
14.534,17.245,8,1
14.533,17.245,3,
14.516,17.225,8,1
14.515,17.225,11,
14.514,17.225,10,1
14.513,17.225,3,
14.498,17.206,96,1
14.497,17.206,8,1
14.496,17.206,3,
14.495,17.205,11,
14.494,17.205,8,1
14.493,17.205,3,
14.478,17.085,6,1
14.477,17.085,36,1
14.476,17.085,10,1
14.475,17.085,8,1
14.474,17.085,5,
14.473,17.085,9,2
14.456,17.185,10,1
14.455,17.185,11,
14.454,17.185,8,1
14.453,17.185,3,
14.434,17.165,56,6
14.433,17.165,8,4
14.413,17.145,3,
14.396,17.125,11,
14.395,17.125,9,1
14.394,17.125,3,
14.393,16.925,9,1
14.373,17.105,3,
14.353,17.085,3,
14.333,17.065,3,
14.323,17.026,12,1
14.322,17.026,6,1
14.321,17.026,36,1
14.320,17.026,5,
14.319,17.026,3,
14.318,17.025,6,1
14.317,17.025,36,1
14.316,17.025,12,1
14.315,17.025,9,1
14.314,17.025,5,
14.313,17.025,3,
14.293,17.005,3,
14.273,16.786,96,1
14.255,16.985,16,1
14.254,16.985,6,1
14.253,16.985,8,1
14.233,16.965,3,
14.214,16.946,3,
14.213,16.945,3,
14.194,16.925,3,
14.193,16.925,11,
14.176,16.905,10,1
14.175,16.905,11,
14.174,16.905,9,1
14.173,16.905,3,
14.156,16.885,10,1
14.155,16.885,11,
14.154,16.885,8,1
14.153,16.885,3,
14.134,16.865,6,1
14.133,16.865,3,
14.119,16.845,11,
14.118,16.845,8,1
14.117,16.845,3,
14.116,16.825,96,1
14.115,16.825,13,
14.114,16.825,5,
14.113,16.825,3,
14.093,16.805,6,1
14.081,16.787,10,1
14.080,16.787,11,
14.079,16.787,8,1
14.078,16.786,5,
14.077,16.786,3,
14.076,16.785,10,1
14.075,16.785,11,
14.074,16.785,8,1
14.073,16.785,3,
14.053,16.765,3,
14.034,16.745,5,
14.033,16.745,3,
14.013,16.725,3,
13.993,16.705,3,
13.978,16.685,3,
13.977,16.665,8,1
13.976,16.665,10,1
13.975,16.665,16,1
13.974,16.665,11,
13.973,16.665,3,
13.956,16.645,8,1
13.955,16.645,10,1
13.954,16.645,16,1
13.953,16.645,3,
13.936,16.626,10,1
13.935,16.626,8,1
13.934,16.626,11,
13.933,16.626,3,
13.914,16.605,9,1
13.913,16.605,3,
13.896,16.585,10,1
13.895,16.585,8,1
13.894,16.585,11,
13.893,16.585,3,
13.875,16.565,11,
13.874,16.565,9,1
13.873,16.565,3,
13.853,16.545,3,
13.836,16.525,8,1
13.835,16.525,11,
13.834,16.525,10,1
13.833,16.525,3,
13.815,16.505,11,
13.814,16.505,9,1
13.813,16.505,3,
13.796,16.485,11,
13.795,16.485,8,1
13.794,16.485,10,1
13.793,16.485,3,
13.775,16.465,9,1
13.774,16.465,11,
13.773,16.465,3,
13.755,16.445,11,
13.754,16.445,8,1
13.753,16.445,3,
13.735,16.425,11,
13.734,16.425,8,1
13.733,16.425,3,
13.716,16.405,10,1
13.715,16.405,11,
13.714,16.405,9,1
13.713,16.405,3,
13.696,16.386,8,1
13.695,16.386,11,
13.694,16.386,10,1
13.693,16.386,3,
13.674,16.365,6,1
13.673,16.365,8,1
13.653,16.345,9,1
13.634,16.325,76,
13.633,16.325,8,1
13.616,16.285,76,
13.615,16.285,10,1
13.614,16.285,56,1
13.613,16.285,3,
13.593,16.265,3,
13.573,16.245,3,
13.553,16.225,3,
13.536,16.208,3,
13.535,16.207,3,
13.534,16.206,3,
13.533,16.205,3,
13.515,16.165,8,1
13.514,16.165,11,
13.513,16.165,3,
13.496,16.145,10,1
13.495,16.145,76,
13.494,16.145,9,1
13.493,16.145,3,
13.453,15.945,3,
13.435,16.105,11,
13.434,16.105,8,1
13.433,16.105,3,
13.415,16.085,96,1
13.414,16.085,8,1
13.413,16.085,3,
13.393,16.065,6,1
13.379,16.046,10,1
13.378,16.046,11,
13.377,16.046,9,1
13.376,16.046,3,
13.375,16.045,8,1
13.374,16.045,11,
13.373,16.045,3,
13.356,16.025,8,1
13.355,16.025,10,1
13.354,16.025,11,
13.353,16.025,3,
13.336,16.005,10,1
13.335,16.005,11,
13.334,16.005,9,1
13.333,16.005,3,
13.316,15.985,10,1
13.315,15.985,8,1
13.314,15.985,11,
13.313,15.985,3,
13.293,15.965,3,
13.274,15.947,3,
13.273,15.946,3,
13.253,15.925,3,
13.241,15.907,11,
13.240,15.907,9,1
13.239,15.907,3,
13.238,15.906,10,1
13.237,15.906,8,1
13.236,15.906,11,
13.235,15.906,3,
13.234,15.905,11,
13.233,15.905,3,
13.213,15.885,6,1
13.197,15.866,10,1
13.196,15.866,11,
13.195,15.866,9,1
13.194,15.866,3,
13.193,15.865,13,
13.175,15.845,11,
13.174,15.845,8,1
13.173,15.845,3,
13.156,15.825,10,1
13.155,15.825,11,
13.154,15.825,9,1
13.153,15.825,3,
13.136,15.805,10,1
13.135,15.805,8,1
13.134,15.805,11,
13.133,15.805,3,
13.114,15.785,56,1
13.113,15.785,76,
13.095,15.765,8,1
13.094,15.765,11,
13.093,15.765,3,
13.078,15.746,6,1
13.077,15.746,96,1
13.076,15.745,10,1
13.075,15.745,11,
13.074,15.745,8,1
13.073,15.745,3,
13.055,15.725,6,1
13.054,15.725,5,
13.053,15.725,96,1
13.036,15.705,10,1
13.035,15.705,11,
13.034,15.705,8,1
13.033,15.705,3,
13.018,15.686,10,1
13.017,15.686,11,
13.016,15.686,9,1
13.015,15.686,3,
13.014,15.685,11,
13.013,15.685,3,
12.995,15.645,10,1
12.994,15.645,8,1
12.993,15.645,11,
12.973,15.625,3,
12.956,15.606,3,
12.955,15.606,11,
12.954,15.605,11,
12.953,15.605,3,
12.935,15.585,11,
12.934,15.585,9,1
12.933,15.585,3,
12.918,15.566,8,1
12.917,15.566,11,
12.916,15.566,3,
12.915,15.565,11,
12.914,15.565,9,1
12.913,15.565,3,
12.898,15.545,11,
12.897,15.545,9,1
12.896,15.545,3,
12.895,15.525,11,
12.894,15.525,9,1
12.893,15.525,3,
12.876,15.505,10,1
12.875,15.505,11,
12.874,15.505,9,1
12.873,15.505,3,
12.858,15.486,11,
12.857,15.486,3,
12.856,15.485,10,1
12.855,15.485,8,1
12.854,15.485,11,
12.853,15.485,3,
12.836,15.465,10,1
12.835,15.465,3,
12.834,15.465,9,1
12.833,15.465,11,
12.813,15.445,3,
12.796,15.405,10,1
12.795,15.405,11,
12.794,15.405,9,1
12.793,15.405,3,
12.776,15.385,9,1
12.775,15.385,11,
12.774,15.385,10,1
12.773,15.385,3,
12.753,15.365,3,
12.733,15.345,3,
12.714,15.305,76,
12.713,15.305,3,
12.695,15.285,11,
12.694,15.285,16,1
12.693,15.285,3,
12.675,15.265,16,1
12.674,15.265,56,1
12.673,15.265,3,
12.654,15.245,11,
12.653,15.245,3,
12.635,15.225,16,1
12.634,15.225,11,
12.633,15.225,3,
12.614,15.205,76,
12.613,15.205,3,
12.596,15.186,76,
12.595,15.186,3,
12.594,15.185,76,
12.593,15.185,3,
12.575,15.165,9,1
12.574,15.165,11,
12.573,15.165,3,
12.555,15.145,8,1
12.554,15.145,11,
12.553,15.145,3,
12.535,15.125,11,
12.534,15.125,8,1
12.533,15.125,3,
12.514,15.105,9,1
12.513,15.105,3,
12.495,15.085,11,
12.494,15.085,9,1
12.493,15.085,3,
12.473,15.065,3,
12.456,15.045,11,
12.455,15.045,10,1
12.454,15.045,8,1
12.453,15.045,3,
12.436,15.005,10,1
12.435,15.005,11,
12.434,15.005,9,1
12.433,15.005,3,
12.416,14.986,76,
12.415,14.986,3,
12.414,14.985,11,
12.413,14.985,3,
12.399,14.966,11,
12.398,14.966,8,1
12.397,14.966,10,1
12.396,14.966,3,
12.395,14.965,8,1
12.394,14.965,11,
12.393,14.965,3,
12.376,14.945,6,1
12.375,14.945,5,
12.374,14.945,3,
12.373,14.945,16,1
12.362,14.927,96,1
12.361,14.927,9,1
12.360,14.927,5,
12.359,14.927,3,
12.358,14.926,11,
12.357,14.926,16,1
12.356,14.926,3,
12.355,14.925,11,
12.354,14.925,9,1
12.353,14.925,3,
12.340,14.906,16,1
12.339,14.906,9,1
12.338,14.906,11,
12.337,14.906,3,
12.336,14.905,16,1
12.335,14.905,9,1
12.334,14.905,11,
12.333,14.905,3,
12.313,14.885,3,
12.296,14.865,11,
12.295,14.865,10,1
12.294,14.865,9,1
12.293,14.865,3,
12.274,14.805,8,1
12.273,14.805,3,
12.255,14.785,11,
12.254,14.785,8,1
12.253,14.785,3,
12.234,14.765,8,1
12.233,14.765,6,1
12.215,14.766,10,1
12.214,14.766,56,1
12.213,14.765,3,
12.193,14.745,76,
12.174,14.725,11,
12.173,14.725,3,
12.158,14.706,3,
12.157,14.705,5,
12.156,14.705,13,
12.155,14.705,96,1
12.154,14.705,16,1
12.153,14.705,3,
12.137,14.685,16,1
12.136,14.685,96,1
12.135,14.685,13,
12.134,14.685,5,
12.133,14.685,3,
12.116,14.665,9,1
12.115,14.665,6,1
12.114,14.665,3,
12.113,14.665,12,1
12.100,14.646,10,1
12.099,14.646,3,
12.098,14.646,9,1
12.097,14.646,11,
12.096,14.645,10,1
12.095,14.645,9,1
12.094,14.645,11,
12.093,14.645,3,
12.080,14.626,10,1
12.079,14.626,9,1
12.078,14.626,11,
12.077,14.626,1,
12.076,14.625,9,1
12.075,14.625,11,
12.074,14.625,10,1
12.073,14.625,3,
12.054,14.585,56,1
12.053,14.585,76,
12.036,14.565,10,1
12.035,14.565,11,
12.034,14.565,9,1
12.033,14.565,3,
12.018,14.546,8,1
12.017,14.546,11,
12.016,14.546,3,
12.015,14.545,8,1
12.014,14.545,11,
12.013,14.545,3,
12.001,14.527,3,
12.000,14.526,8,1
11.999,14.526,16,1
11.998,14.526,11,
11.997,14.526,3,
11.996,14.525,8,1
11.995,14.525,16,1
11.994,14.525,11,
11.993,14.525,3,
11.974,14.505,11,
11.973,14.505,3,
11.955,14.485,11,
11.954,14.485,9,1
11.953,14.485,3,
11.936,14.465,11,
11.935,14.465,3,
11.934,14.445,11,
11.933,14.445,3,
11.918,14.426,9,1
11.917,14.426,3,
11.916,14.425,5,
11.915,14.425,9,1
11.914,14.425,6,1
11.913,14.425,3,
11.895,14.405,76,
11.894,14.405,56,1
11.893,14.405,3,
11.880,14.386,10,1
11.879,14.386,11,
11.878,14.386,9,1
11.877,14.386,3,
11.876,14.385,9,1
11.875,14.385,11,
11.874,14.385,10,1
11.873,14.385,3,
